{
    "scenario_name": "政策场景名称",
    "description": "政策场景的详细描述",
    
    "tax": [0, 0, 0, 0, 0, 0, 0, 0, 0, 0],
    
    "tau_change": 0.9,
    "tau_change_specific": [
        [1, 0.9, 1, 1, 1, 1, 1, 1, 1, 1],
        [0.9, 1, 1, 1, 1, 1, 1, 1, 1, 1],
        [1, 1, 1, 1, 1, 1, 1, 1, 1, 1],
        [1, 1, 1, 1, 1, 1, 1, 1, 1, 1],
        [1, 1, 1, 1, 1, 1, 1, 1, 1, 1],
        [1, 1, 1, 1, 1, 1, 1, 1, 1, 1],
        [1, 1, 1, 1, 1, 1, 1, 1, 1, 1],
        [1, 1, 1, 1, 1, 1, 1, 1, 1, 1],
        [1, 1, 1, 1, 1, 1, 1, 1, 1, 1],
        [1, 1, 1, 1, 1, 1, 1, 1, 1, 1]
    ],
    
    "T_announce": 5,
    "T_implement": 10,
    
    "notes": "可以使用tau_change设置所有贸易成本统一变化，或使用tau_change_specific设置特定城市对之间的贸易成本变化。tax向量表示各城市的税收负担变化。"
} 