{
    "model_params": {
        "C": 10,
        "beta": 0.95,
        "psi": 0.5,
        "delta": 0.05,
        "theta": 5,
        "epsilon": 4,
        "sigma": 6
    },
    "simulation_params": {
        "max_iter": 1000,
        "tol": 1e-8,
        "damping": 0.5,
        "T_max": 200
    },
    "output_params": {
        "save_results": true,
        "generate_plots": true,
        "generate_report": true,
        "verbose": true
    },
    "file_paths": {
        "city_data": "data/raw/city_data.csv",
        "trade_matrix": "data/raw/trade_matrix.csv",
        "distance_matrix": "data/raw/distance_matrix.csv"
    }
} 